Code3,Code1,Formula,O/C,H/C,Mass
Ala-Ala,AA,C6H12N2O3,0.6664547758333332,0.16797083866666665,160.084792264
Cl-Ala-Ala,AA,C6H11N2O3Cl,0.6664547758333332,0.15397326877777778,194.04581994199998
Ala-Arg,AR,C9H19N5O3,0.44430318388888884,0.1773025519259259,245.148789518
Cl-Ala-Arg,AR,C9H18N5O3Cl,0.44430318388888884,0.16797083866666665,279.10981719600005
Ala-Asn,AN,C7H13N3O4,0.7616626009523809,0.1559729216190476,203.090605926
Cl-Ala-Asn,AN,C7H12N3O4Cl,0.7616626009523809,0.14397500457142856,237.051633604
Ala-Asp,AD,C7H12N2O5,0.9520782511904762,0.14397500457142856,204.074621504
Cl-Ala-Asp,AD,C7H11N2O5Cl,0.9520782511904762,0.13197708752380952,238.035649182
Ala-Cys,AC,C6H12N2O3S,0.6664547758333332,0.16797083866666665,192.056862954
Cl-Ala-Cys,AC,C6H11N2O3SCl,0.6664547758333332,0.15397326877777778,226.017890632
Ala-Gln,AQ,C8H15N3O4,0.6664547758333333,0.15747266125,217.10625599
Cl-Ala-Gln,AQ,C8H14N3O4Cl,0.6664547758333333,0.14697448383333334,251.06728366800002
Ala-Glu,AE,C8H14N2O5,0.8330684697916667,0.14697448383333334,218.090271568
Cl-Ala-Glu,AE,C8H13N2O5Cl,0.8330684697916667,0.13647630641666667,252.051299246
Ala-Gly,AG,C5H10N2O3,0.7997457309999999,0.16797083866666665,146.0691422
Cl-Ala-Gly,AG,C5H9N2O3Cl,0.7997457309999999,0.15117375479999998,180.03016987799998
Ala-His,AH,C9H14N4O3,0.44430318388888884,0.13064398562962964,226.106590348
Cl-Ala-His,AH,C9H13N4O3Cl,0.44430318388888884,0.12131227237037036,260.06761802600005
Ala-Ile,AI,C9H18N2O3,0.44430318388888884,0.16797083866666665,202.13174245599998
Cl-Ala-Ile,AI,C9H17N2O3Cl,0.44430318388888884,0.1586391254074074,236.092770134
Ala-Leu,AL,C9H18N2O3,0.44430318388888884,0.16797083866666665,202.13174245599998
Cl-Ala-Leu,AL,C9H17N2O3Cl,0.44430318388888884,0.1586391254074074,236.092770134
Ala-Lys,AK,C9H19N3O3,0.44430318388888884,0.1773025519259259,217.142641498
Cl-Ala-Lys,AK,C9H18N3O3Cl,0.44430318388888884,0.16797083866666665,251.103669176
Ala-Met,AM,C8H16N2O3S,0.4998410818749999,0.16797083866666665,220.088163082
Cl-Ala-Met,AM,C8H15N2O3SCl,0.4998410818749999,0.15747266125,254.04919076000002
Ala-Phe,AF,C12H16N2O3,0.3332273879166666,0.1119805591111111,236.11609239199998
Cl-Ala-Phe,AF,C12H15N2O3Cl,0.3332273879166666,0.10498177416666667,270.07712007000003
Ala-Pro,AP,C8H14N2O3,0.4998410818749999,0.14697448383333334,186.10044232799999
Cl-Ala-Pro,AP,C8H13N2O3Cl,0.4998410818749999,0.13647630641666667,220.061470006
Ala-Ser,AS,C6H12N2O4,0.8886063677777778,0.16797083866666665,176.079706884
Cl-Ala-Ser,AS,C6H11N2O4Cl,0.8886063677777778,0.15397326877777778,210.04073456199998
Ala-Thr,AT,C7H14N2O4,0.7616626009523809,0.16797083866666668,190.09535694800002
Cl-Ala-Thr,AT,C7H13N2O4Cl,0.7616626009523809,0.1559729216190476,224.05638462599998
Ala-Trp,AW,C14H17N3O3,0.28562347535714283,0.10198229490476189,275.12699143399993
Cl-Ala-Trp,AW,C14H16N3O3Cl,0.28562347535714283,0.09598333638095238,309.088019112
Ala-Tyr,AY,C12H16N2O4,0.4443031838888889,0.1119805591111111,252.111007012
Cl-Ala-Tyr,AY,C12H15N2O4Cl,0.4443031838888889,0.10498177416666667,286.07203469
Ala-Val,AV,C8H16N2O3,0.4998410818749999,0.16797083866666665,188.11609239199998
Cl-Ala-Val,AV,C8H15N2O3Cl,0.4998410818749999,0.15747266125,222.07712007
Arg-Ala,RA,C9H19N5O3,0.44430318388888884,0.1773025519259259,245.14878951800003
Cl-Arg-Ala,RA,C9H18N5O3Cl,0.44430318388888884,0.16797083866666665,279.10981719600005
Arg-Arg,RR,C12H26N8O3,0.3332273879166666,0.18196840855555554,330.2127867719999
Cl-Arg-Arg,RR,C12H25N8O3Cl,0.3332273879166666,0.1749696236111111,364.17381444999995
Arg-Asn,RN,C10H20N6O4,0.5331638206666667,0.16797083866666665,288.15460318
Cl-Arg-Asn,RN,C10H19N6O4Cl,0.5331638206666667,0.1595722967333333,322.11563085800003
Arg-Asp,RD,C10H19N5O5,0.6664547758333333,0.1595722967333333,289.13861875799995
Cl-Arg-Asp,RD,C10H18N5O5Cl,0.6664547758333333,0.15117375479999998,323.099646436
Arg-Cys,RC,C9H19N5O3S,0.44430318388888884,0.1773025519259259,277.120860208
Cl-Arg-Cys,RC,C9H18N5O3SCl,0.44430318388888884,0.16797083866666665,311.08188788600006
Arg-Gln,RQ,C11H22N6O4,0.4846943824242424,0.16797083866666668,302.170253244
Cl-Arg-Gln,RQ,C11H21N6O4Cl,0.4846943824242424,0.16033580054545454,336.131280922
Arg-Glu,RE,C11H21N5O5,0.605867978030303,0.16033580054545454,303.15426882199995
Cl-Arg-Glu,RE,C11H20N5O5Cl,0.605867978030303,0.1527007624242424,337.1152965
Arg-Gly,RG,C8H17N5O3,0.4998410818749999,0.17846901608333332,231.13313945400003
Cl-Arg-Gly,RG,C8H16N5O3Cl,0.4998410818749999,0.16797083866666665,265.09416713200005
Arg-His,RH,C12H21N7O3,0.3332273879166666,0.14697448383333334,311.17058760199996
Cl-Arg-His,RH,C12H20N7O3Cl,0.3332273879166666,0.13997569888888886,345.13161527999995
Arg-Ile,RI,C12H25N5O3,0.3332273879166666,0.1749696236111111,287.19573971
Cl-Arg-Ile,RI,C12H24N5O3Cl,0.3332273879166666,0.16797083866666665,321.156767388
Arg-Leu,RL,C12H25N5O3,0.3332273879166666,0.1749696236111111,287.19573971
Cl-Arg-Leu,RL,C12H24N5O3Cl,0.3332273879166666,0.16797083866666665,321.156767388
Arg-Lys,RK,C12H26N6O3,0.3332273879166666,0.18196840855555554,302.20663875199995
Cl-Arg-Lys,RK,C12H25N6O3Cl,0.3332273879166666,0.1749696236111111,336.16766643
Arg-Met,RM,C11H23N5O3S,0.3635207868181818,0.17560587678787878,305.152160336
Cl-Arg-Met,RM,C11H22N5O3SCl,0.3635207868181818,0.16797083866666668,339.113188014
Arg-Phe,RF,C15H23N5O3,0.2665819103333333,0.12877764297777777,321.1800896460003
Cl-Arg-Phe,RF,C15H22N5O3Cl,0.2665819103333333,0.12317861502222222,355.1411173240003
Arg-Pro,RP,C11H21N5O3,0.3635207868181818,0.16033580054545454,271.164439582
Cl-Arg-Pro,RP,C11H20N5O3Cl,0.3635207868181818,0.1527007624242424,305.12546726000005
Arg-Ser,RS,C9H19N5O4,0.5924042451851852,0.1773025519259259,261.14370413800003
Cl-Arg-Ser,RS,C9H18N5O4Cl,0.5924042451851852,0.16797083866666665,295.104731816
Arg-Thr,RT,C10H21N5O4,0.5331638206666667,0.17636938060000001,275.159354202
Cl-Arg-Thr,RT,C10H20N5O4Cl,0.5331638206666667,0.16797083866666665,309.12038188
Arg-Trp,RW,C17H24N6O3,0.2352193326470588,0.11856765082352941,360.1909886880003
Cl-Arg-Trp,RW,C17H23N6O3Cl,0.2352193326470588,0.11362733203921568,394.1520163660003
Arg-Tyr,RY,C15H23N5O4,0.3554425471111111,0.12877764297777777,337.17500426600026
Cl-Arg-Tyr,RY,C15H22N5O4Cl,0.3554425471111111,0.12317861502222222,371.13603194400025
Arg-Val,RV,C11H23N5O3,0.3635207868181818,0.17560587678787878,273.180089646
Cl-Arg-Val,RV,C11H22N5O3Cl,0.3635207868181818,0.16797083866666668,307.141117324
Asn-Ala,NA,C7H13N3O4,0.7616626009523809,0.1559729216190476,203.09060592600002
Cl-Asn-Ala,NA,C7H12N3O4Cl,0.7616626009523809,0.14397500457142856,237.05163360400002
Asn-Arg,NR,C10H20N6O4,0.5331638206666667,0.16797083866666665,288.15460318
Cl-Asn-Arg,NR,C10H19N6O4Cl,0.5331638206666667,0.1595722967333333,322.11563085800003
Asn-Asn,NN,C8H14N4O5,0.8330684697916667,0.14697448383333334,246.09641958800003
Cl-Asn-Asn,NN,C8H13N4O5Cl,0.8330684697916667,0.13647630641666667,280.05744726600005
Asn-Asp,ND,C8H13N3O6,0.9996821637499999,0.13647630641666667,247.08043516600003
Cl-Asn-Asp,ND,C8H12N3O6Cl,0.9996821637499999,0.125978129,281.041462844
Asn-Cys,NC,C7H13N3O4S,0.7616626009523809,0.1559729216190476,235.06267661600003
Cl-Asn-Cys,NC,C7H12N3O4SCl,0.7616626009523809,0.14397500457142856,269.023704294
Asn-Gln,NQ,C9H16N4O5,0.7405053064814815,0.14930741214814813,260.112069652
Cl-Asn-Gln,NQ,C9H15N4O5Cl,0.7405053064814815,0.1399756988888889,294.07309733000005
Asn-Glu,NE,C9H15N3O6,0.8886063677777777,0.1399756988888889,261.09608523
Cl-Asn-Glu,NE,C9H14N3O6Cl,0.8886063677777777,0.13064398562962964,295.057112908
Asn-Gly,NG,C6H11N3O4,0.8886063677777778,0.15397326877777778,189.07495586200002
Cl-Asn-Gly,NG,C6H10N3O4Cl,0.8886063677777778,0.13997569888888886,223.03598354000002
Asn-His,NH,C10H15N5O4,0.5331638206666667,0.125978129,269.11240401000003
Cl-Asn-His,NH,C10H14N5O4Cl,0.5331638206666667,0.11757958706666667,303.073431688
Asn-Ile,NI,C10H19N3O4,0.5331638206666667,0.1595722967333333,245.13755611800002
Cl-Asn-Ile,NI,C10H18N3O4Cl,0.5331638206666667,0.15117375479999998,279.098583796
Asn-Leu,NL,C10H19N3O4,0.5331638206666667,0.1595722967333333,245.13755611800002
Cl-Asn-Leu,NL,C10H18N3O4Cl,0.5331638206666667,0.15117375479999998,279.098583796
Asn-Lys,NK,C10H20N4O4,0.5331638206666667,0.16797083866666665,260.14845516
Cl-Asn-Lys,NK,C10H19N4O4Cl,0.5331638206666667,0.1595722967333333,294.109482838
Asn-Met,NM,C9H17N3O4S,0.5924042451851852,0.1586391254074074,263.09397674400003
Cl-Asn-Met,NM,C9H16N3O4SCl,0.5924042451851852,0.14930741214814813,297.055004422
Asn-Phe,NF,C13H17N3O4,0.41012601589743586,0.10982708682051281,279.12190605399996
Cl-Asn-Phe,NF,C13H16N3O4Cl,0.41012601589743586,0.10336666994871795,313.082933732
Asn-Pro,NP,C9H15N3O4,0.5924042451851852,0.1399756988888889,229.10625599000002
Cl-Asn-Pro,NP,C9H14N3O4Cl,0.5924042451851852,0.13064398562962964,263.067283668
Asn-Ser,NS,C7H13N3O5,0.9520782511904762,0.1559729216190476,219.08552054600003
Cl-Asn-Ser,NS,C7H12N3O5Cl,0.9520782511904762,0.14397500457142856,253.04654822400002
Asn-Thr,NT,C8H15N3O5,0.8330684697916667,0.15747266125,233.10117061000003
Cl-Asn-Thr,NT,C8H14N3O5Cl,0.8330684697916667,0.14697448383333334,267.06219828800005
Asn-Trp,NW,C15H18N4O4,0.3554425471111111,0.10078250319999998,318.13280509599997
Cl-Asn-Trp,NW,C15H17N4O4Cl,0.3554425471111111,0.09518347524444444,352.09383277399996
Asn-Tyr,NY,C13H17N3O5,0.5126575198717949,0.10982708682051281,295.11682067399994
Cl-Asn-Tyr,NY,C13H16N3O5Cl,0.5126575198717949,0.10336666994871795,329.077848352
Asn-Val,NV,C9H17N3O4,0.5924042451851852,0.1586391254074074,231.12190605400002
Cl-Asn-Val,NV,C9H16N3O4Cl,0.5924042451851852,0.14930741214814813,265.082933732
Asp-Ala,DA,C7H12N2O5,0.9520782511904762,0.14397500457142856,204.07462150400002
Cl-Asp-Ala,DA,C7H11N2O5Cl,0.9520782511904762,0.13197708752380952,238.03564918200001
Asp-Arg,DR,C10H19N5O5,0.6664547758333333,0.1595722967333333,289.13861875799995
Cl-Asp-Arg,DR,C10H18N5O5Cl,0.6664547758333333,0.15117375479999998,323.099646436
Asp-Asn,DN,C8H13N3O6,0.9996821637499999,0.13647630641666667,247.08043516600003
Cl-Asp-Asn,DN,C8H12N3O6Cl,0.9996821637499999,0.125978129,281.041462844
Asp-Asp,DD,C8H12N2O7,1.1662958577083333,0.125978129,248.06445074400003
Cl-Asp-Asp,DD,C8H11N2O7Cl,1.1662958577083333,0.11547995158333334,282.02547842200005
Asp-Cys,DC,C7H12N2O5S,0.9520782511904762,0.14397500457142856,236.04669219400003
Cl-Asp-Cys,DC,C7H11N2O5SCl,0.9520782511904762,0.13197708752380952,270.00771987200005
Asp-Gln,DQ,C9H15N3O6,0.8886063677777777,0.1399756988888889,261.09608523
Cl-Asp-Gln,DQ,C9H14N3O6Cl,0.8886063677777777,0.13064398562962964,295.057112908
Asp-Glu,DE,C9H14N2O7,1.036707429074074,0.13064398562962964,262.080100808
Cl-Asp-Glu,DE,C9H13N2O7Cl,1.036707429074074,0.12131227237037036,296.04112848600005
Asp-Gly,DG,C6H10N2O5,1.1107579597222221,0.13997569888888886,190.05897144000002
Cl-Asp-Gly,DG,C6H9N2O5Cl,1.1107579597222221,0.125978129,224.01999911800002
Asp-His,DH,C10H14N4O5,0.6664547758333333,0.11757958706666667,270.096419588
Cl-Asp-His,DH,C10H13N4O5Cl,0.6664547758333333,0.10918104513333332,304.05744726600005
Asp-Ile,DI,C10H18N2O5,0.6664547758333333,0.15117375479999998,246.12157169600002
Cl-Asp-Ile,DI,C10H17N2O5Cl,0.6664547758333333,0.14277521286666667,280.08259937400004
Asp-Leu,DL,C10H18N2O5,0.6664547758333333,0.15117375479999998,246.12157169600002
Cl-Asp-Leu,DL,C10H17N2O5Cl,0.6664547758333333,0.14277521286666667,280.08259937400004
Asp-Lys,DK,C10H19N3O5,0.6664547758333333,0.1595722967333333,261.132470738
Cl-Asp-Lys,DK,C10H18N3O5Cl,0.6664547758333333,0.15117375479999998,295.09349841600005
Asp-Met,DM,C9H16N2O5S,0.7405053064814815,0.14930741214814813,264.077992322
Cl-Asp-Met,DM,C9H15N2O5SCl,0.7405053064814815,0.1399756988888889,298.03902000000005
Asp-Phe,DF,C13H16N2O5,0.5126575198717949,0.10336666994871795,280.105921632
Cl-Asp-Phe,DF,C13H15N2O5Cl,0.5126575198717949,0.09690625307692308,314.06694931
Asp-Pro,DP,C9H14N2O5,0.7405053064814815,0.13064398562962964,230.09027156800002
Cl-Asp-Pro,DP,C9H13N2O5Cl,0.7405053064814815,0.12131227237037036,264.05129924600004
Asp-Ser,DS,C7H12N2O6,1.1424939014285713,0.14397500457142856,220.06953612400002
Cl-Asp-Ser,DS,C7H11N2O6Cl,1.1424939014285713,0.13197708752380952,254.03056380200002
Asp-Thr,DT,C8H14N2O6,0.9996821637499999,0.14697448383333334,234.08518618800002
Cl-Asp-Thr,DT,C8H13N2O6Cl,0.9996821637499999,0.13647630641666667,268.046213866
Asp-Trp,DW,C15H17N3O5,0.4443031838888889,0.09518347524444444,319.116820674
Cl-Asp-Trp,DW,C15H16N3O5Cl,0.4443031838888889,0.08958444728888888,353.077848352
Asp-Tyr,DY,C13H16N2O6,0.6151890238461538,0.10336666994871795,296.10083625199997
Cl-Asp-Tyr,DY,C13H15N2O6Cl,0.6151890238461538,0.09690625307692308,330.06186392999996
Asp-Val,DV,C9H16N2O5,0.7405053064814815,0.14930741214814813,232.10592163200002
Cl-Asp-Val,DV,C9H15N2O5Cl,0.7405053064814815,0.1399756988888889,266.06694931000004
Cys-Ala,CA,C6H12N2O3S,0.6664547758333332,0.16797083866666665,192.056862954
Cl-Cys-Ala,CA,C6H11N2O3SCl,0.6664547758333332,0.15397326877777778,226.017890632
Cys-Arg,CR,C9H19N5O3S,0.44430318388888884,0.1773025519259259,277.12086020799995
Cl-Cys-Arg,CR,C9H18N5O3SCl,0.44430318388888884,0.16797083866666665,311.081887886
Cys-Asn,CN,C7H13N3O4S,0.7616626009523809,0.1559729216190476,235.062676616
Cl-Cys-Asn,CN,C7H12N3O4SCl,0.7616626009523809,0.14397500457142856,269.023704294
Cys-Asp,CD,C7H12N2O5S,0.9520782511904762,0.14397500457142856,236.046692194
Cl-Cys-Asp,CD,C7H11N2O5SCl,0.9520782511904762,0.13197708752380952,270.007719872
Cys-Cys,CC,C6H12N2O3S2,0.6664547758333332,0.16797083866666665,224.028933644
Cl-Cys-Cys,CC,C6H11N2O3S2Cl,0.6664547758333332,0.15397326877777778,257.989961322
Cys-Gln,CQ,C8H15N3O4S,0.6664547758333333,0.15747266125,249.07832668
Cl-Cys-Gln,CQ,C8H14N3O4SCl,0.6664547758333333,0.14697448383333334,283.039354358
Cys-Glu,CE,C8H14N2O5S,0.8330684697916667,0.14697448383333334,250.062342258
Cl-Cys-Glu,CE,C8H13N2O5SCl,0.8330684697916667,0.13647630641666667,284.023369936
Cys-Gly,CG,C5H10N2O3S,0.7997457309999999,0.16797083866666665,178.04121289
Cl-Cys-Gly,CG,C5H9N2O3SCl,0.7997457309999999,0.15117375479999998,212.002240568
Cys-His,CH,C9H14N4O3S,0.44430318388888884,0.13064398562962964,258.078661038
Cl-Cys-His,CH,C9H13N4O3SCl,0.44430318388888884,0.12131227237037036,292.039688716
Cys-Ile,CI,C9H18N2O3S,0.44430318388888884,0.16797083866666665,234.103813146
Cl-Cys-Ile,CI,C9H17N2O3SCl,0.44430318388888884,0.1586391254074074,268.064840824
Cys-Leu,CL,C9H18N2O3S,0.44430318388888884,0.16797083866666665,234.103813146
Cl-Cys-Leu,CL,C9H17N2O3SCl,0.44430318388888884,0.1586391254074074,268.064840824
Cys-Lys,CK,C9H19N3O3S,0.44430318388888884,0.1773025519259259,249.114712188
Cl-Cys-Lys,CK,C9H18N3O3SCl,0.44430318388888884,0.16797083866666665,283.075739866
Cys-Met,CM,C8H16N2O3S2,0.4998410818749999,0.16797083866666665,252.060233772
Cl-Cys-Met,CM,C8H15N2O3S2Cl,0.4998410818749999,0.15747266125,286.02126145
Cys-Phe,CF,C12H16N2O3S,0.3332273879166666,0.1119805591111111,268.088163082
Cl-Cys-Phe,CF,C12H15N2O3SCl,0.3332273879166666,0.10498177416666667,302.04919076
Cys-Pro,CP,C8H14N2O3S,0.4998410818749999,0.14697448383333334,218.072513018
Cl-Cys-Pro,CP,C8H13N2O3SCl,0.4998410818749999,0.13647630641666667,252.033540696
Cys-Ser,CS,C6H12N2O4S,0.8886063677777778,0.16797083866666665,208.051777574
Cl-Cys-Ser,CS,C6H11N2O4SCl,0.8886063677777778,0.15397326877777778,242.012805252
Cys-Thr,CT,C7H14N2O4S,0.7616626009523809,0.16797083866666668,222.067427638
Cl-Cys-Thr,CT,C7H13N2O4SCl,0.7616626009523809,0.1559729216190476,256.028455316
Cys-Trp,CW,C14H17N3O3S,0.28562347535714283,0.10198229490476189,307.0990621239999
Cl-Cys-Trp,CW,C14H16N3O3SCl,0.28562347535714283,0.09598333638095238,341.06008980199994
Cys-Tyr,CY,C12H16N2O4S,0.4443031838888889,0.1119805591111111,284.08307770199997
Cl-Cys-Tyr,CY,C12H15N2O4SCl,0.4443031838888889,0.10498177416666667,318.04410537999996
Cys-Val,CV,C8H16N2O3S,0.4998410818749999,0.16797083866666665,220.088163082
Cl-Cys-Val,CV,C8H15N2O3SCl,0.4998410818749999,0.15747266125,254.04919076
Gln-Ala,QA,C8H15N3O4,0.6664547758333333,0.15747266125,217.10625599000002
Cl-Gln-Ala,QA,C8H14N3O4Cl,0.6664547758333333,0.14697448383333334,251.06728366800002
Gln-Arg,QR,C11H22N6O4,0.4846943824242424,0.16797083866666668,302.1702532439999
Cl-Gln-Arg,QR,C11H21N6O4Cl,0.4846943824242424,0.16033580054545454,336.131280922
Gln-Asn,QN,C9H16N4O5,0.7405053064814815,0.14930741214814813,260.112069652
Cl-Gln-Asn,QN,C9H15N4O5Cl,0.7405053064814815,0.1399756988888889,294.07309733000005
Gln-Asp,QD,C9H15N3O6,0.8886063677777777,0.1399756988888889,261.09608523
Cl-Gln-Asp,QD,C9H14N3O6Cl,0.8886063677777777,0.13064398562962964,295.057112908
Gln-Cys,QC,C8H15N3O4S,0.6664547758333333,0.15747266125,249.07832668000003
Cl-Gln-Cys,QC,C8H14N3O4SCl,0.6664547758333333,0.14697448383333334,283.039354358
Gln-Gln,QQ,C10H18N4O5,0.6664547758333333,0.15117375479999998,274.127719716
Cl-Gln-Gln,QQ,C10H17N4O5Cl,0.6664547758333333,0.14277521286666667,308.088747394
Gln-Glu,QE,C10H17N3O6,0.7997457309999999,0.14277521286666667,275.11173529399997
Cl-Gln-Glu,QE,C10H16N3O6Cl,0.7997457309999999,0.13437667093333333,309.072762972
Gln-Gly,QG,C7H13N3O4,0.7616626009523809,0.1559729216190476,203.09060592600002
Cl-Gln-Gly,QG,C7H12N3O4Cl,0.7616626009523809,0.14397500457142856,237.05163360400002
Gln-His,QH,C11H17N5O4,0.4846943824242424,0.12979564806060606,283.128054074
Cl-Gln-His,QH,C11H16N5O4Cl,0.4846943824242424,0.12216060993939393,317.089081752
Gln-Ile,QI,C11H21N3O4,0.4846943824242424,0.16033580054545454,259.153206182
Cl-Gln-Ile,QI,C11H20N3O4Cl,0.4846943824242424,0.1527007624242424,293.11423386
Gln-Leu,QL,C11H21N3O4,0.4846943824242424,0.16033580054545454,259.153206182
Cl-Gln-Leu,QL,C11H20N3O4Cl,0.4846943824242424,0.1527007624242424,293.11423386
Gln-Lys,QK,C11H22N4O4,0.4846943824242424,0.16797083866666668,274.16410522399997
Cl-Gln-Lys,QK,C11H21N4O4Cl,0.4846943824242424,0.16033580054545454,308.125132902
Gln-Met,QM,C10H19N3O4S,0.5331638206666667,0.1595722967333333,277.10962680800003
Cl-Gln-Met,QM,C10H18N3O4SCl,0.5331638206666667,0.15117375479999998,311.070654486
Gln-Phe,QF,C14H19N3O4,0.38083130047619046,0.11398021195238094,293.13755611799996
Cl-Gln-Phe,QF,C14H18N3O4Cl,0.38083130047619046,0.10798125342857141,327.09858379599996
Gln-Pro,QP,C10H17N3O4,0.5331638206666667,0.14277521286666667,243.12190605400002
Cl-Gln-Pro,QP,C10H16N3O4Cl,0.5331638206666667,0.13437667093333333,277.082933732
Gln-Ser,QS,C8H15N3O5,0.8330684697916667,0.15747266125,233.10117061000003
Cl-Gln-Ser,QS,C8H14N3O5Cl,0.8330684697916667,0.14697448383333334,267.06219828800005
Gln-Thr,QT,C9H17N3O5,0.7405053064814815,0.1586391254074074,247.11682067400002
Cl-Gln-Thr,QT,C9H16N3O5Cl,0.7405053064814815,0.14930741214814813,281.07784835200005
Gln-Trp,QW,C16H20N4O4,0.3332273879166667,0.10498177416666665,332.14845516000025
Cl-Gln-Trp,QW,C16H19N4O4Cl,0.3332273879166667,0.09973268545833332,366.10948283800025
Gln-Tyr,QY,C14H19N3O5,0.4760391255952381,0.11398021195238094,309.13247073799994
Cl-Gln-Tyr,QY,C14H18N3O5Cl,0.4760391255952381,0.10798125342857141,343.09349841599993
Gln-Val,QV,C10H19N3O4,0.5331638206666667,0.1595722967333333,245.13755611800002
Cl-Gln-Val,QV,C10H18N3O4Cl,0.5331638206666667,0.15117375479999998,279.098583796
Glu-Ala,EA,C8H14N2O5,0.8330684697916667,0.14697448383333334,218.09027156800002
Cl-Glu-Ala,EA,C8H13N2O5Cl,0.8330684697916667,0.13647630641666667,252.051299246
Glu-Arg,ER,C11H21N5O5,0.605867978030303,0.16033580054545454,303.15426882199995
Cl-Glu-Arg,ER,C11H20N5O5Cl,0.605867978030303,0.1527007624242424,337.11529649999994
Glu-Asn,EN,C9H15N3O6,0.8886063677777777,0.1399756988888889,261.09608523
Cl-Glu-Asn,EN,C9H14N3O6Cl,0.8886063677777777,0.13064398562962964,295.057112908
Glu-Asp,ED,C9H14N2O7,1.036707429074074,0.13064398562962964,262.080100808
Cl-Glu-Asp,ED,C9H13N2O7Cl,1.036707429074074,0.12131227237037036,296.04112848600005
Glu-Cys,EC,C8H14N2O5S,0.8330684697916667,0.14697448383333334,250.06234225800003
Cl-Glu-Cys,EC,C8H13N2O5SCl,0.8330684697916667,0.13647630641666667,284.02336993600005
Glu-Gln,EQ,C10H17N3O6,0.7997457309999999,0.14277521286666667,275.11173529399997
Cl-Glu-Gln,EQ,C10H16N3O6Cl,0.7997457309999999,0.13437667093333333,309.072762972
Glu-Glu,EE,C10H16N2O7,0.9330366861666666,0.13437667093333333,276.095750872
Cl-Glu-Glu,EE,C10H15N2O7Cl,0.9330366861666666,0.125978129,310.05677855
Glu-Gly,EG,C7H12N2O5,0.9520782511904762,0.14397500457142856,204.07462150400002
Cl-Glu-Gly,EG,C7H11N2O5Cl,0.9520782511904762,0.13197708752380952,238.03564918200001
Glu-His,EH,C11H16N4O5,0.605867978030303,0.12216060993939393,284.112069652
Cl-Glu-His,EH,C11H15N4O5Cl,0.605867978030303,0.11452557181818182,318.07309733
Glu-Ile,EI,C11H20N2O5,0.605867978030303,0.1527007624242424,260.13722176
Cl-Glu-Ile,EI,C11H19N2O5Cl,0.605867978030303,0.14506572430303027,294.09824943800004
Glu-Leu,EL,C11H20N2O5,0.605867978030303,0.1527007624242424,260.13722176
Cl-Glu-Leu,EL,C11H19N2O5Cl,0.605867978030303,0.14506572430303027,294.09824943800004
Glu-Lys,EK,C11H21N3O5,0.605867978030303,0.16033580054545454,275.148120802
Cl-Glu-Lys,EK,C11H20N3O5Cl,0.605867978030303,0.1527007624242424,309.10914848
Glu-Met,EM,C10H18N2O5S,0.6664547758333333,0.15117375479999998,278.093642386
Cl-Glu-Met,EM,C10H17N2O5SCl,0.6664547758333333,0.14277521286666667,312.05467006400005
Glu-Phe,EF,C14H18N2O5,0.4760391255952381,0.10798125342857141,294.12157169599993
Cl-Glu-Phe,EF,C14H17N2O5Cl,0.4760391255952381,0.10198229490476189,328.082599374
Glu-Pro,EP,C10H16N2O5,0.6664547758333333,0.13437667093333333,244.10592163200002
Cl-Glu-Pro,EP,C10H15N2O5Cl,0.6664547758333333,0.125978129,278.06694931000004
Glu-Ser,ES,C8H14N2O6,0.9996821637499999,0.14697448383333334,234.08518618800002
Cl-Glu-Ser,ES,C8H13N2O6Cl,0.9996821637499999,0.13647630641666667,268.046213866
Glu-Thr,ET,C9H16N2O6,0.8886063677777777,0.14930741214814813,248.10083625200002
Cl-Glu-Thr,ET,C9H15N2O6Cl,0.8886063677777777,0.1399756988888889,282.06186393
Glu-Trp,EW,C16H19N3O5,0.41653423489583336,0.09973268545833332,333.1324707380003
Cl-Glu-Trp,EW,C16H18N3O5Cl,0.41653423489583336,0.09448359675,367.0934984160003
Glu-Tyr,EY,C14H18N2O6,0.5712469507142857,0.10798125342857141,310.1164863159999
Cl-Glu-Tyr,EY,C14H17N2O6Cl,0.5712469507142857,0.10198229490476189,344.07751399399996
Glu-Val,EV,C10H18N2O5,0.6664547758333333,0.15117375479999998,246.12157169600002
Cl-Glu-Val,EV,C10H17N2O5Cl,0.6664547758333333,0.14277521286666667,280.08259937400004
Gly-Ala,GA,C5H10N2O3,0.7997457309999999,0.16797083866666665,146.0691422
Cl-Gly-Ala,GA,C5H9N2O3Cl,0.7997457309999999,0.15117375479999998,180.03016987799998
Gly-Arg,GR,C8H17N5O3,0.4998410818749999,0.17846901608333332,231.133139454
Cl-Gly-Arg,GR,C8H16N5O3Cl,0.4998410818749999,0.16797083866666665,265.09416713200005
Gly-Asn,GN,C6H11N3O4,0.8886063677777778,0.15397326877777778,189.074955862
Cl-Gly-Asn,GN,C6H10N3O4Cl,0.8886063677777778,0.13997569888888886,223.03598354
Gly-Asp,GD,C6H10N2O5,1.1107579597222221,0.13997569888888886,190.05897144
Cl-Gly-Asp,GD,C6H9N2O5Cl,1.1107579597222221,0.125978129,224.019999118
Gly-Cys,GC,C5H10N2O3S,0.7997457309999999,0.16797083866666665,178.04121289
Cl-Gly-Cys,GC,C5H9N2O3SCl,0.7997457309999999,0.15117375479999998,212.002240568
Gly-Gln,GQ,C7H13N3O4,0.7616626009523809,0.1559729216190476,203.090605926
Cl-Gly-Gln,GQ,C7H12N3O4Cl,0.7616626009523809,0.14397500457142856,237.051633604
Gly-Glu,GE,C7H12N2O5,0.9520782511904762,0.14397500457142856,204.074621504
Cl-Gly-Glu,GE,C7H11N2O5Cl,0.9520782511904762,0.13197708752380952,238.035649182
Gly-Gly,GG,C4H8N2O3,0.9996821637499999,0.16797083866666665,132.053492136
Cl-Gly-Gly,GG,C4H7N2O3Cl,0.9996821637499999,0.14697448383333334,166.01451981399998
Gly-His,GH,C8H12N4O3,0.4998410818749999,0.125978129,212.090940284
Cl-Gly-His,GH,C8H11N4O3Cl,0.4998410818749999,0.11547995158333334,246.05196796200002
Gly-Ile,GI,C8H16N2O3,0.4998410818749999,0.16797083866666665,188.11609239199998
Cl-Gly-Ile,GI,C8H15N2O3Cl,0.4998410818749999,0.15747266125,222.07712007
Gly-Leu,GL,C8H16N2O3,0.4998410818749999,0.16797083866666665,188.11609239199998
Cl-Gly-Leu,GL,C8H15N2O3Cl,0.4998410818749999,0.15747266125,222.07712007
Gly-Lys,GK,C8H17N3O3,0.4998410818749999,0.17846901608333332,203.126991434
Cl-Gly-Lys,GK,C8H16N3O3Cl,0.4998410818749999,0.16797083866666665,237.088019112
Gly-Met,GM,C7H14N2O3S,0.5712469507142857,0.16797083866666668,206.07251301800002
Cl-Gly-Met,GM,C7H13N2O3SCl,0.5712469507142857,0.1559729216190476,240.033540696
Gly-Phe,GF,C11H14N2O3,0.3635207868181818,0.1068905336969697,222.10044232799999
Cl-Gly-Phe,GF,C11H13N2O3Cl,0.3635207868181818,0.09925549557575757,256.06147000600004
Gly-Pro,GP,C7H12N2O3,0.5712469507142857,0.14397500457142856,172.084792264
Cl-Gly-Pro,GP,C7H11N2O3Cl,0.5712469507142857,0.13197708752380952,206.04581994199998
Gly-Ser,GS,C5H10N2O4,1.0663276413333334,0.16797083866666665,162.06405682
Cl-Gly-Ser,GS,C5H9N2O4Cl,1.0663276413333334,0.15117375479999998,196.02508449799998
Gly-Thr,GT,C6H12N2O4,0.8886063677777778,0.16797083866666665,176.079706884
Cl-Gly-Thr,GT,C6H11N2O4Cl,0.8886063677777778,0.15397326877777778,210.04073456199998
Gly-Trp,GW,C13H15N3O3,0.3075945119230769,0.09690625307692308,261.11134137
Cl-Gly-Trp,GW,C13H14N3O3Cl,0.3075945119230769,0.09044583620512821,295.07236904800004
Gly-Tyr,GY,C11H14N2O4,0.4846943824242424,0.1068905336969697,238.095356948
Cl-Gly-Tyr,GY,C11H13N2O4Cl,0.4846943824242424,0.09925549557575757,272.056384626
Gly-Val,GV,C7H14N2O3,0.5712469507142857,0.16797083866666668,174.100442328
Cl-Gly-Val,GV,C7H13N2O3Cl,0.5712469507142857,0.1559729216190476,208.06147000599998
His-Ala,HA,C9H14N4O3,0.44430318388888884,0.13064398562962964,226.10659034800003
Cl-His-Ala,HA,C9H13N4O3Cl,0.44430318388888884,0.12131227237037036,260.06761802600005
His-Arg,HR,C12H21N7O3,0.3332273879166666,0.14697448383333334,311.17058760199996
Cl-His-Arg,HR,C12H20N7O3Cl,0.3332273879166666,0.13997569888888886,345.13161527999995
His-Asn,HN,C10H15N5O4,0.5331638206666667,0.125978129,269.11240401000003
Cl-His-Asn,HN,C10H14N5O4Cl,0.5331638206666667,0.11757958706666667,303.073431688
His-Asp,HD,C10H14N4O5,0.6664547758333333,0.11757958706666667,270.096419588
Cl-His-Asp,HD,C10H13N4O5Cl,0.6664547758333333,0.10918104513333332,304.05744726600005
His-Cys,HC,C9H14N4O3S,0.44430318388888884,0.13064398562962964,258.078661038
Cl-His-Cys,HC,C9H13N4O3SCl,0.44430318388888884,0.12131227237037036,292.03968871600006
His-Gln,HQ,C11H17N5O4,0.4846943824242424,0.12979564806060606,283.128054074
Cl-His-Gln,HQ,C11H16N5O4Cl,0.4846943824242424,0.12216060993939393,317.089081752
His-Glu,HE,C11H16N4O5,0.605867978030303,0.12216060993939393,284.112069652
Cl-His-Glu,HE,C11H15N4O5Cl,0.605867978030303,0.11452557181818182,318.07309733
His-Gly,HG,C8H12N4O3,0.4998410818749999,0.125978129,212.09094028400003
Cl-His-Gly,HG,C8H11N4O3Cl,0.4998410818749999,0.11547995158333334,246.05196796200002
His-His,HH,C12H16N6O3,0.3332273879166666,0.1119805591111111,292.12838843199995
Cl-His-His,HH,C12H15N6O3Cl,0.3332273879166666,0.10498177416666667,326.08941611
His-Ile,HI,C12H20N4O3,0.3332273879166666,0.13997569888888886,268.15354054
Cl-His-Ile,HI,C12H19N4O3Cl,0.3332273879166666,0.13297691394444444,302.11456821800004
His-Leu,HL,C12H20N4O3,0.3332273879166666,0.13997569888888886,268.15354054
Cl-His-Leu,HL,C12H19N4O3Cl,0.3332273879166666,0.13297691394444444,302.11456821800004
His-Lys,HK,C12H21N5O3,0.3332273879166666,0.14697448383333334,283.164439582
Cl-His-Lys,HK,C12H20N5O3Cl,0.3332273879166666,0.13997569888888886,317.12546726
His-Met,HM,C11H18N4O3S,0.3635207868181818,0.13743068618181817,286.109961166
Cl-His-Met,HM,C11H17N4O3SCl,0.3635207868181818,0.12979564806060606,320.07098884400006
His-Phe,HF,C15H18N4O3,0.2665819103333333,0.10078250319999998,302.13789047599994
Cl-His-Phe,HF,C15H17N4O3Cl,0.2665819103333333,0.09518347524444444,336.098918154
His-Pro,HP,C11H16N4O3,0.3635207868181818,0.12216060993939393,252.12224041200002
Cl-His-Pro,HP,C11H15N4O3Cl,0.3635207868181818,0.11452557181818182,286.08326809000005
His-Ser,HS,C9H14N4O4,0.5924042451851852,0.13064398562962964,242.10150496800003
Cl-His-Ser,HS,C9H13N4O4Cl,0.5924042451851852,0.12131227237037036,276.062532646
His-Thr,HT,C10H16N4O4,0.5331638206666667,0.13437667093333333,256.117155032
Cl-His-Thr,HT,C10H15N4O4Cl,0.5331638206666667,0.125978129,290.07818271
His-Trp,HW,C17H19N5O3,0.2352193326470588,0.09386605690196077,341.1487895180003
Cl-His-Trp,HW,C17H18N5O3Cl,0.2352193326470588,0.08892573811764705,375.1098171960003
His-Tyr,HY,C15H18N4O4,0.3554425471111111,0.10078250319999998,318.1328050959999
Cl-His-Tyr,HY,C15H17N4O4Cl,0.3554425471111111,0.09518347524444444,352.09383277399996
His-Val,HV,C11H18N4O3,0.3635207868181818,0.13743068618181817,254.13789047600002
Cl-His-Val,HV,C11H17N4O3Cl,0.3635207868181818,0.12979564806060606,288.09891815400005
Ile-Ala,IA,C9H18N2O3,0.44430318388888884,0.16797083866666665,202.131742456
Cl-Ile-Ala,IA,C9H17N2O3Cl,0.44430318388888884,0.1586391254074074,236.092770134
Ile-Arg,IR,C12H25N5O3,0.3332273879166666,0.1749696236111111,287.19573971
Cl-Ile-Arg,IR,C12H24N5O3Cl,0.3332273879166666,0.16797083866666665,321.156767388
Ile-Asn,IN,C10H19N3O4,0.5331638206666667,0.1595722967333333,245.13755611800002
Cl-Ile-Asn,IN,C10H18N3O4Cl,0.5331638206666667,0.15117375479999998,279.098583796
Ile-Asp,ID,C10H18N2O5,0.6664547758333333,0.15117375479999998,246.12157169600002
Cl-Ile-Asp,ID,C10H17N2O5Cl,0.6664547758333333,0.14277521286666667,280.08259937400004
Ile-Cys,IC,C9H18N2O3S,0.44430318388888884,0.16797083866666665,234.10381314600002
Cl-Ile-Cys,IC,C9H17N2O3SCl,0.44430318388888884,0.1586391254074074,268.06484082400004
Ile-Gln,IQ,C11H21N3O4,0.4846943824242424,0.16033580054545454,259.153206182
Cl-Ile-Gln,IQ,C11H20N3O4Cl,0.4846943824242424,0.1527007624242424,293.11423386
Ile-Glu,IE,C11H20N2O5,0.605867978030303,0.1527007624242424,260.13722176
Cl-Ile-Glu,IE,C11H19N2O5Cl,0.605867978030303,0.14506572430303027,294.09824943800004
Ile-Gly,IG,C8H16N2O3,0.4998410818749999,0.16797083866666665,188.116092392
Cl-Ile-Gly,IG,C8H15N2O3Cl,0.4998410818749999,0.15747266125,222.07712007
Ile-His,IH,C12H20N4O3,0.3332273879166666,0.13997569888888886,268.15354054
Cl-Ile-His,IH,C12H19N4O3Cl,0.3332273879166666,0.13297691394444444,302.11456821800004
Ile-Ile,II,C12H24N2O3,0.3332273879166666,0.16797083866666665,244.178692648
Cl-Ile-Ile,II,C12H23N2O3Cl,0.3332273879166666,0.16097205372222223,278.13972032600003
Ile-Leu,IL,C12H24N2O3,0.3332273879166666,0.16797083866666665,244.178692648
Cl-Ile-Leu,IL,C12H23N2O3Cl,0.3332273879166666,0.16097205372222223,278.13972032600003
Ile-Lys,IK,C12H25N3O3,0.3332273879166666,0.1749696236111111,259.18959169
Cl-Ile-Lys,IK,C12H24N3O3Cl,0.3332273879166666,0.16797083866666665,293.15061936800004
Ile-Met,IM,C11H22N2O3S,0.3635207868181818,0.16797083866666668,262.135113274
Cl-Ile-Met,IM,C11H21N2O3SCl,0.3635207868181818,0.16033580054545454,296.09614095200004
Ile-Phe,IF,C15H22N2O3,0.2665819103333333,0.12317861502222222,278.163042584
Cl-Ile-Phe,IF,C15H21N2O3Cl,0.2665819103333333,0.11757958706666667,312.124070262
Ile-Pro,IP,C11H20N2O3,0.3635207868181818,0.1527007624242424,228.14739252
Cl-Ile-Pro,IP,C11H19N2O3Cl,0.3635207868181818,0.14506572430303027,262.10842019800003
Ile-Ser,IS,C9H18N2O4,0.5924042451851852,0.16797083866666665,218.12665707600001
Cl-Ile-Ser,IS,C9H17N2O4Cl,0.5924042451851852,0.1586391254074074,252.087684754
Ile-Thr,IT,C10H20N2O4,0.5331638206666667,0.16797083866666665,232.14230714
Cl-Ile-Thr,IT,C10H19N2O4Cl,0.5331638206666667,0.1595722967333333,266.103334818
Ile-Trp,IW,C17H23N3O3,0.2352193326470588,0.11362733203921568,317.17394162599993
Cl-Ile-Trp,IW,C17H22N3O3Cl,0.2352193326470588,0.10868701325490196,351.1349693039999
Ile-Tyr,IY,C15H22N2O4,0.3554425471111111,0.12317861502222222,294.15795720399996
Cl-Ile-Tyr,IY,C15H21N2O4Cl,0.3554425471111111,0.11757958706666667,328.11898488199995
Ile-Val,IV,C11H22N2O3,0.3635207868181818,0.16797083866666668,230.163042584
Cl-Ile-Val,IV,C11H21N2O3Cl,0.3635207868181818,0.16033580054545454,264.12407026200003
Leu-Ala,LA,C9H18N2O3,0.44430318388888884,0.16797083866666665,202.131742456
Cl-Leu-Ala,LA,C9H17N2O3Cl,0.44430318388888884,0.1586391254074074,236.092770134
Leu-Arg,LR,C12H25N5O3,0.3332273879166666,0.1749696236111111,287.19573971
Cl-Leu-Arg,LR,C12H24N5O3Cl,0.3332273879166666,0.16797083866666665,321.156767388
Leu-Asn,LN,C10H19N3O4,0.5331638206666667,0.1595722967333333,245.13755611800002
Cl-Leu-Asn,LN,C10H18N3O4Cl,0.5331638206666667,0.15117375479999998,279.098583796
Leu-Asp,LD,C10H18N2O5,0.6664547758333333,0.15117375479999998,246.12157169600002
Cl-Leu-Asp,LD,C10H17N2O5Cl,0.6664547758333333,0.14277521286666667,280.08259937400004
Leu-Cys,LC,C9H18N2O3S,0.44430318388888884,0.16797083866666665,234.10381314600002
Cl-Leu-Cys,LC,C9H17N2O3SCl,0.44430318388888884,0.1586391254074074,268.06484082400004
Leu-Gln,LQ,C11H21N3O4,0.4846943824242424,0.16033580054545454,259.153206182
Cl-Leu-Gln,LQ,C11H20N3O4Cl,0.4846943824242424,0.1527007624242424,293.11423386
Leu-Glu,LE,C11H20N2O5,0.605867978030303,0.1527007624242424,260.13722176
Cl-Leu-Glu,LE,C11H19N2O5Cl,0.605867978030303,0.14506572430303027,294.09824943800004
Leu-Gly,LG,C8H16N2O3,0.4998410818749999,0.16797083866666665,188.116092392
Cl-Leu-Gly,LG,C8H15N2O3Cl,0.4998410818749999,0.15747266125,222.07712007
Leu-His,LH,C12H20N4O3,0.3332273879166666,0.13997569888888886,268.15354054
Cl-Leu-His,LH,C12H19N4O3Cl,0.3332273879166666,0.13297691394444444,302.11456821800004
Leu-Ile,LI,C12H24N2O3,0.3332273879166666,0.16797083866666665,244.178692648
Cl-Leu-Ile,LI,C12H23N2O3Cl,0.3332273879166666,0.16097205372222223,278.13972032600003
Leu-Leu,LL,C12H24N2O3,0.3332273879166666,0.16797083866666665,244.178692648
Cl-Leu-Leu,LL,C12H23N2O3Cl,0.3332273879166666,0.16097205372222223,278.13972032600003
Leu-Lys,LK,C12H25N3O3,0.3332273879166666,0.1749696236111111,259.18959169
Cl-Leu-Lys,LK,C12H24N3O3Cl,0.3332273879166666,0.16797083866666665,293.15061936800004
Leu-Met,LM,C11H22N2O3S,0.3635207868181818,0.16797083866666668,262.135113274
Cl-Leu-Met,LM,C11H21N2O3SCl,0.3635207868181818,0.16033580054545454,296.09614095200004
Leu-Phe,LF,C15H22N2O3,0.2665819103333333,0.12317861502222222,278.163042584
Cl-Leu-Phe,LF,C15H21N2O3Cl,0.2665819103333333,0.11757958706666667,312.124070262
Leu-Pro,LP,C11H20N2O3,0.3635207868181818,0.1527007624242424,228.14739252
Cl-Leu-Pro,LP,C11H19N2O3Cl,0.3635207868181818,0.14506572430303027,262.10842019800003
Leu-Ser,LS,C9H18N2O4,0.5924042451851852,0.16797083866666665,218.12665707600001
Cl-Leu-Ser,LS,C9H17N2O4Cl,0.5924042451851852,0.1586391254074074,252.087684754
Leu-Thr,LT,C10H20N2O4,0.5331638206666667,0.16797083866666665,232.14230714
Cl-Leu-Thr,LT,C10H19N2O4Cl,0.5331638206666667,0.1595722967333333,266.103334818
Leu-Trp,LW,C17H23N3O3,0.2352193326470588,0.11362733203921568,317.17394162599993
Cl-Leu-Trp,LW,C17H22N3O3Cl,0.2352193326470588,0.10868701325490196,351.1349693039999
Leu-Tyr,LY,C15H22N2O4,0.3554425471111111,0.12317861502222222,294.15795720399996
Cl-Leu-Tyr,LY,C15H21N2O4Cl,0.3554425471111111,0.11757958706666667,328.11898488199995
Leu-Val,LV,C11H22N2O3,0.3635207868181818,0.16797083866666668,230.163042584
Cl-Leu-Val,LV,C11H21N2O3Cl,0.3635207868181818,0.16033580054545454,264.12407026200003
Lys-Ala,KA,C9H19N3O3,0.44430318388888884,0.1773025519259259,217.14264149800002
Cl-Lys-Ala,KA,C9H18N3O3Cl,0.44430318388888884,0.16797083866666665,251.103669176
Lys-Arg,KR,C12H26N6O3,0.3332273879166666,0.18196840855555554,302.20663875199995
Cl-Lys-Arg,KR,C12H25N6O3Cl,0.3332273879166666,0.1749696236111111,336.16766643
Lys-Asn,KN,C10H20N4O4,0.5331638206666667,0.16797083866666665,260.14845516
Cl-Lys-Asn,KN,C10H19N4O4Cl,0.5331638206666667,0.1595722967333333,294.109482838
Lys-Asp,KD,C10H19N3O5,0.6664547758333333,0.1595722967333333,261.132470738
Cl-Lys-Asp,KD,C10H18N3O5Cl,0.6664547758333333,0.15117375479999998,295.09349841600005
Lys-Cys,KC,C9H19N3O3S,0.44430318388888884,0.1773025519259259,249.11471218800003
Cl-Lys-Cys,KC,C9H18N3O3SCl,0.44430318388888884,0.16797083866666665,283.07573986600005
Lys-Gln,KQ,C11H22N4O4,0.4846943824242424,0.16797083866666668,274.16410522399997
Cl-Lys-Gln,KQ,C11H21N4O4Cl,0.4846943824242424,0.16033580054545454,308.125132902
Lys-Glu,KE,C11H21N3O5,0.605867978030303,0.16033580054545454,275.148120802
Cl-Lys-Glu,KE,C11H20N3O5Cl,0.605867978030303,0.1527007624242424,309.10914848
Lys-Gly,KG,C8H17N3O3,0.4998410818749999,0.17846901608333332,203.12699143400002
Cl-Lys-Gly,KG,C8H16N3O3Cl,0.4998410818749999,0.16797083866666665,237.088019112
Lys-His,KH,C12H21N5O3,0.3332273879166666,0.14697448383333334,283.164439582
Cl-Lys-His,KH,C12H20N5O3Cl,0.3332273879166666,0.13997569888888886,317.12546726
Lys-Ile,KI,C12H25N3O3,0.3332273879166666,0.1749696236111111,259.18959169
Cl-Lys-Ile,KI,C12H24N3O3Cl,0.3332273879166666,0.16797083866666665,293.15061936800004
Lys-Leu,KL,C12H25N3O3,0.3332273879166666,0.1749696236111111,259.18959169
Cl-Lys-Leu,KL,C12H24N3O3Cl,0.3332273879166666,0.16797083866666665,293.15061936800004
Lys-Lys,KK,C12H26N4O3,0.3332273879166666,0.18196840855555554,274.200490732
Cl-Lys-Lys,KK,C12H25N4O3Cl,0.3332273879166666,0.1749696236111111,308.16151841
Lys-Met,KM,C11H23N3O3S,0.3635207868181818,0.17560587678787878,277.146012316
Cl-Lys-Met,KM,C11H22N3O3SCl,0.3635207868181818,0.16797083866666668,311.10703999400005
Lys-Phe,KF,C15H23N3O3,0.2665819103333333,0.12877764297777777,293.17394162599993
Cl-Lys-Phe,KF,C15H22N3O3Cl,0.2665819103333333,0.12317861502222222,327.134969304
Lys-Pro,KP,C11H21N3O3,0.3635207868181818,0.16033580054545454,243.15829156200002
Cl-Lys-Pro,KP,C11H20N3O3Cl,0.3635207868181818,0.1527007624242424,277.11931924000004
Lys-Ser,KS,C9H19N3O4,0.5924042451851852,0.1773025519259259,233.13755611800002
Cl-Lys-Ser,KS,C9H18N3O4Cl,0.5924042451851852,0.16797083866666665,267.098583796
Lys-Thr,KT,C10H21N3O4,0.5331638206666667,0.17636938060000001,247.15320618200002
Cl-Lys-Thr,KT,C10H20N3O4Cl,0.5331638206666667,0.16797083866666665,281.11423386
Lys-Trp,KW,C17H24N4O3,0.2352193326470588,0.11856765082352941,332.1848406680002
Cl-Lys-Trp,KW,C17H23N4O3Cl,0.2352193326470588,0.11362733203921568,366.14586834600027
Lys-Tyr,KY,C15H23N3O4,0.3554425471111111,0.12877764297777777,309.1688562459999
Cl-Lys-Tyr,KY,C15H22N3O4Cl,0.3554425471111111,0.12317861502222222,343.12988392399996
Lys-Val,KV,C11H23N3O3,0.3635207868181818,0.17560587678787878,245.17394162600002
Cl-Lys-Val,KV,C11H22N3O3Cl,0.3635207868181818,0.16797083866666668,279.13496930400004
Met-Ala,MA,C8H16N2O3S,0.4998410818749999,0.16797083866666665,220.08816308200002
Cl-Met-Ala,MA,C8H15N2O3SCl,0.4998410818749999,0.15747266125,254.04919076000002
Met-Arg,MR,C11H23N5O3S,0.3635207868181818,0.17560587678787878,305.15216033599995
Cl-Met-Arg,MR,C11H22N5O3SCl,0.3635207868181818,0.16797083866666668,339.11318801399995
Met-Asn,MN,C9H17N3O4S,0.5924042451851852,0.1586391254074074,263.09397674400003
Cl-Met-Asn,MN,C9H16N3O4SCl,0.5924042451851852,0.14930741214814813,297.055004422
Met-Asp,MD,C9H16N2O5S,0.7405053064814815,0.14930741214814813,264.077992322
Cl-Met-Asp,MD,C9H15N2O5SCl,0.7405053064814815,0.1399756988888889,298.03902000000005
Met-Cys,MC,C8H16N2O3S2,0.4998410818749999,0.16797083866666665,252.06023377200003
Cl-Met-Cys,MC,C8H15N2O3S2Cl,0.4998410818749999,0.15747266125,286.02126145000005
Met-Gln,MQ,C10H19N3O4S,0.5331638206666667,0.1595722967333333,277.109626808
Cl-Met-Gln,MQ,C10H18N3O4SCl,0.5331638206666667,0.15117375479999998,311.070654486
Met-Glu,ME,C10H18N2O5S,0.6664547758333333,0.15117375479999998,278.093642386
Cl-Met-Glu,ME,C10H17N2O5SCl,0.6664547758333333,0.14277521286666667,312.054670064
Met-Gly,MG,C7H14N2O3S,0.5712469507142857,0.16797083866666668,206.07251301800002
Cl-Met-Gly,MG,C7H13N2O3SCl,0.5712469507142857,0.1559729216190476,240.03354069600002
Met-His,MH,C11H18N4O3S,0.3635207868181818,0.13743068618181817,286.109961166
Cl-Met-His,MH,C11H17N4O3SCl,0.3635207868181818,0.12979564806060606,320.070988844
Met-Ile,MI,C11H22N2O3S,0.3635207868181818,0.16797083866666668,262.135113274
Cl-Met-Ile,MI,C11H21N2O3SCl,0.3635207868181818,0.16033580054545454,296.09614095200004
Met-Leu,ML,C11H22N2O3S,0.3635207868181818,0.16797083866666668,262.135113274
Cl-Met-Leu,ML,C11H21N2O3SCl,0.3635207868181818,0.16033580054545454,296.09614095200004
Met-Lys,MK,C11H23N3O3S,0.3635207868181818,0.17560587678787878,277.146012316
Cl-Met-Lys,MK,C11H22N3O3SCl,0.3635207868181818,0.16797083866666668,311.107039994
Met-Met,MM,C10H20N2O3S2,0.39987286549999995,0.16797083866666665,280.0915339
Cl-Met-Met,MM,C10H19N2O3S2Cl,0.39987286549999995,0.1595722967333333,314.05256157800005
Met-Phe,MF,C14H20N2O3S,0.28562347535714283,0.11997917047619046,296.11946320999994
Cl-Met-Phe,MF,C14H19N2O3SCl,0.28562347535714283,0.11398021195238094,330.080490888
Met-Pro,MP,C10H18N2O3S,0.39987286549999995,0.15117375479999998,246.10381314600002
Cl-Met-Pro,MP,C10H17N2O3SCl,0.39987286549999995,0.14277521286666667,280.06484082400004
Met-Ser,MS,C8H16N2O4S,0.6664547758333333,0.16797083866666665,236.08307770200003
Cl-Met-Ser,MS,C8H15N2O4SCl,0.6664547758333333,0.15747266125,270.04410538
Met-Thr,MT,C9H18N2O4S,0.5924042451851852,0.16797083866666665,250.09872776600002
Cl-Met-Thr,MT,C9H17N2O4SCl,0.5924042451851852,0.1586391254074074,284.059755444
Met-Trp,MW,C16H21N3O3S,0.24992054093749996,0.110230862875,335.1303622520003
Cl-Met-Trp,MW,C16H20N3O3SCl,0.24992054093749996,0.10498177416666665,369.0913899300003
Met-Tyr,MY,C14H20N2O4S,0.38083130047619046,0.11997917047619046,312.1143778299999
Cl-Met-Tyr,MY,C14H19N2O4SCl,0.38083130047619046,0.11398021195238094,346.07540550799996
Met-Val,MV,C10H20N2O3S,0.39987286549999995,0.16797083866666665,248.11946321000002
Cl-Met-Val,MV,C10H19N2O3SCl,0.39987286549999995,0.1595722967333333,282.08049088800004
Phe-Ala,FA,C12H16N2O3,0.3332273879166666,0.1119805591111111,236.116092392
Cl-Phe-Ala,FA,C12H15N2O3Cl,0.3332273879166666,0.10498177416666667,270.07712007000003
Phe-Arg,FR,C15H23N5O3,0.2665819103333333,0.12877764297777777,321.1800896459999
Cl-Phe-Arg,FR,C15H22N5O3Cl,0.2665819103333333,0.12317861502222222,355.14111732399994
Phe-Asn,FN,C13H17N3O4,0.41012601589743586,0.10982708682051281,279.12190605399996
Cl-Phe-Asn,FN,C13H16N3O4Cl,0.41012601589743586,0.10336666994871795,313.082933732
Phe-Asp,FD,C13H16N2O5,0.5126575198717949,0.10336666994871795,280.105921632
Cl-Phe-Asp,FD,C13H15N2O5Cl,0.5126575198717949,0.09690625307692308,314.06694931
Phe-Cys,FC,C12H16N2O3S,0.3332273879166666,0.1119805591111111,268.088163082
Cl-Phe-Cys,FC,C12H15N2O3SCl,0.3332273879166666,0.10498177416666667,302.04919076000004
Phe-Gln,FQ,C14H19N3O4,0.38083130047619046,0.11398021195238094,293.13755611799996
Cl-Phe-Gln,FQ,C14H18N3O4Cl,0.38083130047619046,0.10798125342857141,327.09858379599996
Phe-Glu,FE,C14H18N2O5,0.4760391255952381,0.10798125342857141,294.12157169599993
Cl-Phe-Glu,FE,C14H17N2O5Cl,0.4760391255952381,0.10198229490476189,328.082599374
Phe-Gly,FG,C11H14N2O3,0.3635207868181818,0.1068905336969697,222.100442328
Cl-Phe-Gly,FG,C11H13N2O3Cl,0.3635207868181818,0.09925549557575757,256.06147000600004
Phe-His,FH,C15H18N4O3,0.2665819103333333,0.10078250319999998,302.13789047599994
Cl-Phe-His,FH,C15H17N4O3Cl,0.2665819103333333,0.09518347524444444,336.098918154
Phe-Ile,FI,C15H22N2O3,0.2665819103333333,0.12317861502222222,278.163042584
Cl-Phe-Ile,FI,C15H21N2O3Cl,0.2665819103333333,0.11757958706666667,312.124070262
Phe-Leu,FL,C15H22N2O3,0.2665819103333333,0.12317861502222222,278.163042584
Cl-Phe-Leu,FL,C15H21N2O3Cl,0.2665819103333333,0.11757958706666667,312.124070262
Phe-Lys,FK,C15H23N3O3,0.2665819103333333,0.12877764297777777,293.17394162599993
Cl-Phe-Lys,FK,C15H22N3O3Cl,0.2665819103333333,0.12317861502222222,327.134969304
Phe-Met,FM,C14H20N2O3S,0.28562347535714283,0.11997917047619046,296.11946321
Cl-Phe-Met,FM,C14H19N2O3SCl,0.28562347535714283,0.11398021195238094,330.08049088800004
Phe-Phe,FF,C18H20N2O3,0.22215159194444442,0.09331713259259258,312.1473925200002
Cl-Phe-Phe,FF,C18H19N2O3Cl,0.22215159194444442,0.08865127596296295,346.1084201980002
Phe-Pro,FP,C14H18N2O3,0.28562347535714283,0.10798125342857141,262.131742456
Cl-Phe-Pro,FP,C14H17N2O3Cl,0.28562347535714283,0.10198229490476189,296.09277013400003
Phe-Ser,FS,C12H16N2O4,0.4443031838888889,0.1119805591111111,252.11100701200002
Cl-Phe-Ser,FS,C12H15N2O4Cl,0.4443031838888889,0.10498177416666667,286.07203469
Phe-Thr,FT,C13H18N2O4,0.41012601589743586,0.11628750369230768,266.126657076
Cl-Phe-Thr,FT,C13H17N2O4Cl,0.41012601589743586,0.10982708682051281,300.087684754
Phe-Trp,FW,C20H21N3O3,0.19993643274999998,0.08818469030000001,351.1582915620003
Cl-Phe-Trp,FW,C20H20N3O3Cl,0.19993643274999998,0.08398541933333332,385.11931924000027
Phe-Tyr,FY,C18H20N2O4,0.2962021225925926,0.09331713259259258,328.1423071400002
Cl-Phe-Tyr,FY,C18H19N2O4Cl,0.2962021225925926,0.08865127596296295,362.1033348180002
Phe-Val,FV,C14H20N2O3,0.28562347535714283,0.11997917047619046,264.14739252
Cl-Phe-Val,FV,C14H19N2O3Cl,0.28562347535714283,0.11398021195238094,298.10842019800003
Pro-Ala,PA,C8H14N2O3,0.4998410818749999,0.14697448383333334,186.100442328
Cl-Pro-Ala,PA,C8H13N2O3Cl,0.4998410818749999,0.13647630641666667,220.061470006
Pro-Arg,PR,C11H21N5O3,0.3635207868181818,0.16033580054545454,271.164439582
Cl-Pro-Arg,PR,C11H20N5O3Cl,0.3635207868181818,0.1527007624242424,305.12546726000005
Pro-Asn,PN,C9H15N3O4,0.5924042451851852,0.1399756988888889,229.10625599000002
Cl-Pro-Asn,PN,C9H14N3O4Cl,0.5924042451851852,0.13064398562962964,263.067283668
Pro-Asp,PD,C9H14N2O5,0.7405053064814815,0.13064398562962964,230.09027156800002
Cl-Pro-Asp,PD,C9H13N2O5Cl,0.7405053064814815,0.12131227237037036,264.05129924600004
Pro-Cys,PC,C8H14N2O3S,0.4998410818749999,0.14697448383333334,218.07251301800002
Cl-Pro-Cys,PC,C8H13N2O3SCl,0.4998410818749999,0.13647630641666667,252.03354069600002
Pro-Gln,PQ,C10H17N3O4,0.5331638206666667,0.14277521286666667,243.12190605400002
Cl-Pro-Gln,PQ,C10H16N3O4Cl,0.5331638206666667,0.13437667093333333,277.082933732
Pro-Glu,PE,C10H16N2O5,0.6664547758333333,0.13437667093333333,244.10592163200002
Cl-Pro-Glu,PE,C10H15N2O5Cl,0.6664547758333333,0.125978129,278.06694931000004
Pro-Gly,PG,C7H12N2O3,0.5712469507142857,0.14397500457142856,172.08479226400001
Cl-Pro-Gly,PG,C7H11N2O3Cl,0.5712469507142857,0.13197708752380952,206.045819942
Pro-His,PH,C11H16N4O3,0.3635207868181818,0.12216060993939393,252.12224041200002
Cl-Pro-His,PH,C11H15N4O3Cl,0.3635207868181818,0.11452557181818182,286.08326809000005
Pro-Ile,PI,C11H20N2O3,0.3635207868181818,0.1527007624242424,228.14739252
Cl-Pro-Ile,PI,C11H19N2O3Cl,0.3635207868181818,0.14506572430303027,262.10842019800003
Pro-Leu,PL,C11H20N2O3,0.3635207868181818,0.1527007624242424,228.14739252
Cl-Pro-Leu,PL,C11H19N2O3Cl,0.3635207868181818,0.14506572430303027,262.10842019800003
Pro-Lys,PK,C11H21N3O3,0.3635207868181818,0.16033580054545454,243.15829156200002
Cl-Pro-Lys,PK,C11H20N3O3Cl,0.3635207868181818,0.1527007624242424,277.11931924000004
Pro-Met,PM,C10H18N2O3S,0.39987286549999995,0.15117375479999998,246.10381314600002
Cl-Pro-Met,PM,C10H17N2O3SCl,0.39987286549999995,0.14277521286666667,280.06484082400004
Pro-Phe,PF,C14H18N2O3,0.28562347535714283,0.10798125342857141,262.131742456
Cl-Pro-Phe,PF,C14H17N2O3Cl,0.28562347535714283,0.10198229490476189,296.09277013400003
Pro-Pro,PP,C10H16N2O3,0.39987286549999995,0.13437667093333333,212.116092392
Cl-Pro-Pro,PP,C10H15N2O3Cl,0.39987286549999995,0.125978129,246.07712007
Pro-Ser,PS,C8H14N2O4,0.6664547758333333,0.14697448383333334,202.09535694800002
Cl-Pro-Ser,PS,C8H13N2O4Cl,0.6664547758333333,0.13647630641666667,236.056384626
Pro-Thr,PT,C9H16N2O4,0.5924042451851852,0.14930741214814813,216.11100701200002
Cl-Pro-Thr,PT,C9H15N2O4Cl,0.5924042451851852,0.1399756988888889,250.07203469
Pro-Trp,PW,C16H19N3O3,0.24992054093749996,0.09973268545833332,301.14264149799993
Cl-Pro-Trp,PW,C16H18N3O3Cl,0.24992054093749996,0.09448359675,335.103669176
Pro-Tyr,PY,C14H18N2O4,0.38083130047619046,0.10798125342857141,278.12665707599996
Cl-Pro-Tyr,PY,C14H17N2O4Cl,0.38083130047619046,0.10198229490476189,312.087684754
Pro-Val,PV,C10H18N2O3,0.39987286549999995,0.15117375479999998,214.131742456
Cl-Pro-Val,PV,C10H17N2O3Cl,0.39987286549999995,0.14277521286666667,248.092770134
Ser-Ala,SA,C6H12N2O4,0.8886063677777778,0.16797083866666665,176.07970688400002
Cl-Ser-Ala,SA,C6H11N2O4Cl,0.8886063677777778,0.15397326877777778,210.040734562
Ser-Arg,SR,C9H19N5O4,0.5924042451851852,0.1773025519259259,261.14370413800003
Cl-Ser-Arg,SR,C9H18N5O4Cl,0.5924042451851852,0.16797083866666665,295.104731816
Ser-Asn,SN,C7H13N3O5,0.9520782511904762,0.1559729216190476,219.08552054600003
Cl-Ser-Asn,SN,C7H12N3O5Cl,0.9520782511904762,0.14397500457142856,253.046548224
Ser-Asp,SD,C7H12N2O6,1.1424939014285713,0.14397500457142856,220.06953612400002
Cl-Ser-Asp,SD,C7H11N2O6Cl,1.1424939014285713,0.13197708752380952,254.030563802
Ser-Cys,SC,C6H12N2O4S,0.8886063677777778,0.16797083866666665,208.05177757400003
Cl-Ser-Cys,SC,C6H11N2O4SCl,0.8886063677777778,0.15397326877777778,242.01280525200002
Ser-Gln,SQ,C8H15N3O5,0.8330684697916667,0.15747266125,233.10117061000003
Cl-Ser-Gln,SQ,C8H14N3O5Cl,0.8330684697916667,0.14697448383333334,267.062198288
Ser-Glu,SE,C8H14N2O6,0.9996821637499999,0.14697448383333334,234.08518618800002
Cl-Ser-Glu,SE,C8H13N2O6Cl,0.9996821637499999,0.13647630641666667,268.046213866
Ser-Gly,SG,C5H10N2O4,1.0663276413333334,0.16797083866666665,162.06405682
Cl-Ser-Gly,SG,C5H9N2O4Cl,1.0663276413333334,0.15117375479999998,196.02508449799998
Ser-His,SH,C9H14N4O4,0.5924042451851852,0.13064398562962964,242.10150496800003
Cl-Ser-His,SH,C9H13N4O4Cl,0.5924042451851852,0.12131227237037036,276.062532646
Ser-Ile,SI,C9H18N2O4,0.5924042451851852,0.16797083866666665,218.12665707600001
Cl-Ser-Ile,SI,C9H17N2O4Cl,0.5924042451851852,0.1586391254074074,252.08768475399998
Ser-Leu,SL,C9H18N2O4,0.5924042451851852,0.16797083866666665,218.12665707600001
Cl-Ser-Leu,SL,C9H17N2O4Cl,0.5924042451851852,0.1586391254074074,252.08768475399998
Ser-Lys,SK,C9H19N3O4,0.5924042451851852,0.1773025519259259,233.13755611800002
Cl-Ser-Lys,SK,C9H18N3O4Cl,0.5924042451851852,0.16797083866666665,267.098583796
Ser-Met,SM,C8H16N2O4S,0.6664547758333333,0.16797083866666665,236.08307770200003
Cl-Ser-Met,SM,C8H15N2O4SCl,0.6664547758333333,0.15747266125,270.04410538
Ser-Phe,SF,C12H16N2O4,0.4443031838888889,0.1119805591111111,252.11100701200002
Cl-Ser-Phe,SF,C12H15N2O4Cl,0.4443031838888889,0.10498177416666667,286.07203469
Ser-Pro,SP,C8H14N2O4,0.6664547758333333,0.14697448383333334,202.09535694800002
Cl-Ser-Pro,SP,C8H13N2O4Cl,0.6664547758333333,0.13647630641666667,236.05638462599998
Ser-Ser,SS,C6H12N2O5,1.1107579597222221,0.16797083866666665,192.07462150400002
Cl-Ser-Ser,SS,C6H11N2O5Cl,1.1107579597222221,0.15397326877777778,226.03564918200001
Ser-Thr,ST,C7H14N2O5,0.9520782511904762,0.16797083866666668,206.09027156800002
Cl-Ser-Thr,ST,C7H13N2O5Cl,0.9520782511904762,0.1559729216190476,240.05129924599999
Ser-Trp,SW,C14H17N3O4,0.38083130047619046,0.10198229490476189,291.12190605399996
Cl-Ser-Trp,SW,C14H16N3O4Cl,0.38083130047619046,0.09598333638095238,325.08293373199996
Ser-Tyr,SY,C12H16N2O5,0.5553789798611111,0.1119805591111111,268.105921632
Cl-Ser-Tyr,SY,C12H15N2O5Cl,0.5553789798611111,0.10498177416666667,302.06694931
Ser-Val,SV,C8H16N2O4,0.6664547758333333,0.16797083866666665,204.11100701200002
Cl-Ser-Val,SV,C8H15N2O4Cl,0.6664547758333333,0.15747266125,238.07203468999998
Thr-Ala,TA,C7H14N2O4,0.7616626009523809,0.16797083866666668,190.09535694800002
Cl-Thr-Ala,TA,C7H13N2O4Cl,0.7616626009523809,0.1559729216190476,224.056384626
Thr-Arg,TR,C10H21N5O4,0.5331638206666667,0.17636938060000001,275.159354202
Cl-Thr-Arg,TR,C10H20N5O4Cl,0.5331638206666667,0.16797083866666665,309.12038188
Thr-Asn,TN,C8H15N3O5,0.8330684697916667,0.15747266125,233.10117061000003
Cl-Thr-Asn,TN,C8H14N3O5Cl,0.8330684697916667,0.14697448383333334,267.06219828800005
Thr-Asp,TD,C8H14N2O6,0.9996821637499999,0.14697448383333334,234.08518618800002
Cl-Thr-Asp,TD,C8H13N2O6Cl,0.9996821637499999,0.13647630641666667,268.046213866
Thr-Cys,TC,C7H14N2O4S,0.7616626009523809,0.16797083866666668,222.06742763800003
Cl-Thr-Cys,TC,C7H13N2O4SCl,0.7616626009523809,0.1559729216190476,256.028455316
Thr-Gln,TQ,C9H17N3O5,0.7405053064814815,0.1586391254074074,247.11682067400002
Cl-Thr-Gln,TQ,C9H16N3O5Cl,0.7405053064814815,0.14930741214814813,281.07784835200005
Thr-Glu,TE,C9H16N2O6,0.8886063677777777,0.14930741214814813,248.10083625200002
Cl-Thr-Glu,TE,C9H15N2O6Cl,0.8886063677777777,0.1399756988888889,282.06186393
Thr-Gly,TG,C6H12N2O4,0.8886063677777778,0.16797083866666665,176.07970688400002
Cl-Thr-Gly,TG,C6H11N2O4Cl,0.8886063677777778,0.15397326877777778,210.040734562
Thr-His,TH,C10H16N4O4,0.5331638206666667,0.13437667093333333,256.117155032
Cl-Thr-His,TH,C10H15N4O4Cl,0.5331638206666667,0.125978129,290.07818271
Thr-Ile,TI,C10H20N2O4,0.5331638206666667,0.16797083866666665,232.14230714
Cl-Thr-Ile,TI,C10H19N2O4Cl,0.5331638206666667,0.1595722967333333,266.103334818
Thr-Leu,TL,C10H20N2O4,0.5331638206666667,0.16797083866666665,232.14230714
Cl-Thr-Leu,TL,C10H19N2O4Cl,0.5331638206666667,0.1595722967333333,266.103334818
Thr-Lys,TK,C10H21N3O4,0.5331638206666667,0.17636938060000001,247.15320618200002
Cl-Thr-Lys,TK,C10H20N3O4Cl,0.5331638206666667,0.16797083866666665,281.11423386
Thr-Met,TM,C9H18N2O4S,0.5924042451851852,0.16797083866666665,250.09872776600002
Cl-Thr-Met,TM,C9H17N2O4SCl,0.5924042451851852,0.1586391254074074,284.059755444
Thr-Phe,TF,C13H18N2O4,0.41012601589743586,0.11628750369230768,266.126657076
Cl-Thr-Phe,TF,C13H17N2O4Cl,0.41012601589743586,0.10982708682051281,300.087684754
Thr-Pro,TP,C9H16N2O4,0.5924042451851852,0.14930741214814813,216.11100701200002
Cl-Thr-Pro,TP,C9H15N2O4Cl,0.5924042451851852,0.1399756988888889,250.07203469
Thr-Ser,TS,C7H14N2O5,0.9520782511904762,0.16797083866666668,206.09027156800002
Cl-Thr-Ser,TS,C7H13N2O5Cl,0.9520782511904762,0.1559729216190476,240.051299246
Thr-Thr,TT,C8H16N2O5,0.8330684697916667,0.16797083866666665,220.10592163200002
Cl-Thr-Thr,TT,C8H15N2O5Cl,0.8330684697916667,0.15747266125,254.06694931
Thr-Trp,TW,C15H19N3O4,0.3554425471111111,0.10638153115555554,305.1375561179999
Cl-Thr-Trp,TW,C15H18N3O4Cl,0.3554425471111111,0.10078250319999998,339.09858379599996
Thr-Tyr,TY,C13H18N2O5,0.5126575198717949,0.11628750369230768,282.121571696
Cl-Thr-Tyr,TY,C13H17N2O5Cl,0.5126575198717949,0.10982708682051281,316.082599374
Thr-Val,TV,C9H18N2O4,0.5924042451851852,0.16797083866666665,218.12665707600001
Cl-Thr-Val,TV,C9H17N2O4Cl,0.5924042451851852,0.1586391254074074,252.087684754
Trp-Ala,WA,C14H17N3O3,0.28562347535714283,0.10198229490476189,275.126991434
Cl-Trp-Ala,WA,C14H16N3O3Cl,0.28562347535714283,0.09598333638095238,309.088019112
Trp-Arg,WR,C17H24N6O3,0.2352193326470588,0.11856765082352941,360.1909886880003
Cl-Trp-Arg,WR,C17H23N6O3Cl,0.2352193326470588,0.11362733203921568,394.1520163660003
Trp-Asn,WN,C15H18N4O4,0.3554425471111111,0.10078250319999998,318.1328050959999
Cl-Trp-Asn,WN,C15H17N4O4Cl,0.3554425471111111,0.09518347524444444,352.09383277399996
Trp-Asp,WD,C15H17N3O5,0.4443031838888889,0.09518347524444444,319.11682067399994
Cl-Trp-Asp,WD,C15H16N3O5Cl,0.4443031838888889,0.08958444728888888,353.07784835199993
Trp-Cys,WC,C14H17N3O3S,0.28562347535714283,0.10198229490476189,307.099062124
Cl-Trp-Cys,WC,C14H16N3O3SCl,0.28562347535714283,0.09598333638095238,341.060089802
Trp-Gln,WQ,C16H20N4O4,0.3332273879166667,0.10498177416666665,332.1484551599999
Cl-Trp-Gln,WQ,C16H19N4O4Cl,0.3332273879166667,0.09973268545833332,366.1094828379999
Trp-Glu,WE,C16H19N3O5,0.41653423489583336,0.09973268545833332,333.1324707379999
Cl-Trp-Glu,WE,C16H18N3O5Cl,0.41653423489583336,0.09448359675,367.09349841599993
Trp-Gly,WG,C13H15N3O3,0.3075945119230769,0.09690625307692308,261.11134137
Cl-Trp-Gly,WG,C13H14N3O3Cl,0.3075945119230769,0.09044583620512821,295.07236904800004
Trp-His,WH,C17H19N5O3,0.2352193326470588,0.09386605690196077,341.14878951800017
Cl-Trp-His,WH,C17H18N5O3Cl,0.2352193326470588,0.08892573811764705,375.10981719600017
Trp-Ile,WI,C17H23N3O3,0.2352193326470588,0.11362733203921568,317.1739416260003
Cl-Trp-Ile,WI,C17H22N3O3Cl,0.2352193326470588,0.10868701325490196,351.1349693040003
Trp-Leu,WL,C17H23N3O3,0.2352193326470588,0.11362733203921568,317.1739416260003
Cl-Trp-Leu,WL,C17H22N3O3Cl,0.2352193326470588,0.10868701325490196,351.1349693040003
Trp-Lys,WK,C17H24N4O3,0.2352193326470588,0.11856765082352941,332.18484066800033
Cl-Trp-Lys,WK,C17H23N4O3Cl,0.2352193326470588,0.11362733203921568,366.1458683460003
Trp-Met,WM,C16H21N3O3S,0.24992054093749996,0.110230862875,335.130362252
Cl-Trp-Met,WM,C16H20N3O3SCl,0.24992054093749996,0.10498177416666665,369.09138993
Trp-Phe,WF,C20H21N3O3,0.19993643274999998,0.08818469030000001,351.1582915620003
Cl-Trp-Phe,WF,C20H20N3O3Cl,0.19993643274999998,0.08398541933333332,385.11931924000027
Trp-Pro,WP,C16H19N3O3,0.24992054093749996,0.09973268545833332,301.14264149799993
Cl-Trp-Pro,WP,C16H18N3O3Cl,0.24992054093749996,0.09448359675,335.103669176
Trp-Ser,WS,C14H17N3O4,0.38083130047619046,0.10198229490476189,291.12190605399996
Cl-Trp-Ser,WS,C14H16N3O4Cl,0.38083130047619046,0.09598333638095238,325.08293373199996
Trp-Thr,WT,C15H19N3O4,0.3554425471111111,0.10638153115555554,305.1375561179999
Cl-Trp-Thr,WT,C15H18N3O4Cl,0.3554425471111111,0.10078250319999998,339.09858379599996
Trp-Trp,WW,C22H22N4O3,0.1817603934090909,0.08398541933333334,390.1691906040003
Cl-Trp-Trp,WW,C22H21N4O3Cl,0.1817603934090909,0.08016790027272727,424.13021828200027
Trp-Tyr,WY,C20H21N3O4,0.26658191033333334,0.08818469030000001,367.15320618200025
Cl-Trp-Tyr,WY,C20H20N3O4Cl,0.26658191033333334,0.08398541933333332,401.11423386000024
Trp-Val,WV,C16H21N3O3,0.24992054093749996,0.110230862875,303.158291562
Cl-Trp-Val,WV,C16H20N3O3Cl,0.24992054093749996,0.10498177416666665,337.11931924
Tyr-Ala,YA,C12H16N2O4,0.4443031838888889,0.1119805591111111,252.11100701200002
Cl-Tyr-Ala,YA,C12H15N2O4Cl,0.4443031838888889,0.10498177416666667,286.07203469
Tyr-Arg,YR,C15H23N5O4,0.3554425471111111,0.12877764297777777,337.17500426599986
Cl-Tyr-Arg,YR,C15H22N5O4Cl,0.3554425471111111,0.12317861502222222,371.1360319439999
Tyr-Asn,YN,C13H17N3O5,0.5126575198717949,0.10982708682051281,295.11682067399994
Cl-Tyr-Asn,YN,C13H16N3O5Cl,0.5126575198717949,0.10336666994871795,329.077848352
Tyr-Asp,YD,C13H16N2O6,0.6151890238461538,0.10336666994871795,296.10083625199997
Cl-Tyr-Asp,YD,C13H15N2O6Cl,0.6151890238461538,0.09690625307692308,330.06186392999996
Tyr-Cys,YC,C12H16N2O4S,0.4443031838888889,0.1119805591111111,284.083077702
Cl-Tyr-Cys,YC,C12H15N2O4SCl,0.4443031838888889,0.10498177416666667,318.04410538
Tyr-Gln,YQ,C14H19N3O5,0.4760391255952381,0.11398021195238094,309.13247073799994
Cl-Tyr-Gln,YQ,C14H18N3O5Cl,0.4760391255952381,0.10798125342857141,343.09349841599993
Tyr-Glu,YE,C14H18N2O6,0.5712469507142857,0.10798125342857141,310.1164863159999
Cl-Tyr-Glu,YE,C14H17N2O6Cl,0.5712469507142857,0.10198229490476189,344.07751399399996
Tyr-Gly,YG,C11H14N2O4,0.4846943824242424,0.1068905336969697,238.09535694800002
Cl-Tyr-Gly,YG,C11H13N2O4Cl,0.4846943824242424,0.09925549557575757,272.056384626
Tyr-His,YH,C15H18N4O4,0.3554425471111111,0.10078250319999998,318.1328050959999
Cl-Tyr-His,YH,C15H17N4O4Cl,0.3554425471111111,0.09518347524444444,352.0938327739999
Tyr-Ile,YI,C15H22N2O4,0.3554425471111111,0.12317861502222222,294.15795720399996
Cl-Tyr-Ile,YI,C15H21N2O4Cl,0.3554425471111111,0.11757958706666667,328.11898488199995
Tyr-Leu,YL,C15H22N2O4,0.3554425471111111,0.12317861502222222,294.15795720399996
Cl-Tyr-Leu,YL,C15H21N2O4Cl,0.3554425471111111,0.11757958706666667,328.11898488199995
Tyr-Lys,YK,C15H23N3O4,0.3554425471111111,0.12877764297777777,309.1688562459999
Cl-Tyr-Lys,YK,C15H22N3O4Cl,0.3554425471111111,0.12317861502222222,343.12988392399996
Tyr-Met,YM,C14H20N2O4S,0.38083130047619046,0.11997917047619046,312.11437782999997
Cl-Tyr-Met,YM,C14H19N2O4SCl,0.38083130047619046,0.11398021195238094,346.075405508
Tyr-Phe,YF,C18H20N2O4,0.2962021225925926,0.09331713259259258,328.14230714000024
Cl-Tyr-Phe,YF,C18H19N2O4Cl,0.2962021225925926,0.08865127596296295,362.1033348180003
Tyr-Pro,YP,C14H18N2O4,0.38083130047619046,0.10798125342857141,278.12665707599996
Cl-Tyr-Pro,YP,C14H17N2O4Cl,0.38083130047619046,0.10198229490476189,312.087684754
Tyr-Ser,YS,C12H16N2O5,0.5553789798611111,0.1119805591111111,268.105921632
Cl-Tyr-Ser,YS,C12H15N2O5Cl,0.5553789798611111,0.10498177416666667,302.06694931000004
Tyr-Thr,YT,C13H18N2O5,0.5126575198717949,0.11628750369230768,282.121571696
Cl-Tyr-Thr,YT,C13H17N2O5Cl,0.5126575198717949,0.10982708682051281,316.082599374
Tyr-Trp,YW,C20H21N3O4,0.26658191033333334,0.08818469030000001,367.15320618200025
Cl-Tyr-Trp,YW,C20H20N3O4Cl,0.26658191033333334,0.08398541933333332,401.1142338600003
Tyr-Tyr,YY,C18H20N2O5,0.37025265324074075,0.09331713259259258,344.1372217600002
Cl-Tyr-Tyr,YY,C18H19N2O5Cl,0.37025265324074075,0.08865127596296295,378.09824943800027
Tyr-Val,YV,C14H20N2O4,0.38083130047619046,0.11997917047619046,280.14230713999996
Cl-Tyr-Val,YV,C14H19N2O4Cl,0.38083130047619046,0.11398021195238094,314.103334818
Val-Ala,VA,C8H16N2O3,0.4998410818749999,0.16797083866666665,188.116092392
Cl-Val-Ala,VA,C8H15N2O3Cl,0.4998410818749999,0.15747266125,222.07712007
Val-Arg,VR,C11H23N5O3,0.3635207868181818,0.17560587678787878,273.180089646
Cl-Val-Arg,VR,C11H22N5O3Cl,0.3635207868181818,0.16797083866666668,307.141117324
Val-Asn,VN,C9H17N3O4,0.5924042451851852,0.1586391254074074,231.12190605400002
Cl-Val-Asn,VN,C9H16N3O4Cl,0.5924042451851852,0.14930741214814813,265.082933732
Val-Asp,VD,C9H16N2O5,0.7405053064814815,0.14930741214814813,232.10592163200002
Cl-Val-Asp,VD,C9H15N2O5Cl,0.7405053064814815,0.1399756988888889,266.06694931000004
Val-Cys,VC,C8H16N2O3S,0.4998410818749999,0.16797083866666665,220.08816308200002
Cl-Val-Cys,VC,C8H15N2O3SCl,0.4998410818749999,0.15747266125,254.04919076000002
Val-Gln,VQ,C10H19N3O4,0.5331638206666667,0.1595722967333333,245.13755611800002
Cl-Val-Gln,VQ,C10H18N3O4Cl,0.5331638206666667,0.15117375479999998,279.098583796
Val-Glu,VE,C10H18N2O5,0.6664547758333333,0.15117375479999998,246.12157169600002
Cl-Val-Glu,VE,C10H17N2O5Cl,0.6664547758333333,0.14277521286666667,280.08259937400004
Val-Gly,VG,C7H14N2O3,0.5712469507142857,0.16797083866666668,174.100442328
Cl-Val-Gly,VG,C7H13N2O3Cl,0.5712469507142857,0.1559729216190476,208.061470006
Val-His,VH,C11H18N4O3,0.3635207868181818,0.13743068618181817,254.13789047600002
Cl-Val-His,VH,C11H17N4O3Cl,0.3635207868181818,0.12979564806060606,288.09891815400005
Val-Ile,VI,C11H22N2O3,0.3635207868181818,0.16797083866666668,230.163042584
Cl-Val-Ile,VI,C11H21N2O3Cl,0.3635207868181818,0.16033580054545454,264.12407026200003
Val-Leu,VL,C11H22N2O3,0.3635207868181818,0.16797083866666668,230.163042584
Cl-Val-Leu,VL,C11H21N2O3Cl,0.3635207868181818,0.16033580054545454,264.12407026200003
Val-Lys,VK,C11H23N3O3,0.3635207868181818,0.17560587678787878,245.17394162600002
Cl-Val-Lys,VK,C11H22N3O3Cl,0.3635207868181818,0.16797083866666668,279.13496930400004
Val-Met,VM,C10H20N2O3S,0.39987286549999995,0.16797083866666665,248.11946321000002
Cl-Val-Met,VM,C10H19N2O3SCl,0.39987286549999995,0.1595722967333333,282.08049088800004
Val-Phe,VF,C14H20N2O3,0.28562347535714283,0.11997917047619046,264.14739252
Cl-Val-Phe,VF,C14H19N2O3Cl,0.28562347535714283,0.11398021195238094,298.10842019800003
Val-Pro,VP,C10H18N2O3,0.39987286549999995,0.15117375479999998,214.131742456
Cl-Val-Pro,VP,C10H17N2O3Cl,0.39987286549999995,0.14277521286666667,248.092770134
Val-Ser,VS,C8H16N2O4,0.6664547758333333,0.16797083866666665,204.11100701200002
Cl-Val-Ser,VS,C8H15N2O4Cl,0.6664547758333333,0.15747266125,238.07203469
Val-Thr,VT,C9H18N2O4,0.5924042451851852,0.16797083866666665,218.12665707600001
Cl-Val-Thr,VT,C9H17N2O4Cl,0.5924042451851852,0.1586391254074074,252.087684754
Val-Trp,VW,C16H21N3O3,0.24992054093749996,0.110230862875,303.15829156199993
Cl-Val-Trp,VW,C16H20N3O3Cl,0.24992054093749996,0.10498177416666665,337.1193192399999
Val-Tyr,VY,C14H20N2O4,0.38083130047619046,0.11997917047619046,280.14230713999996
Cl-Val-Tyr,VY,C14H19N2O4Cl,0.38083130047619046,0.11398021195238094,314.103334818
Val-Val,VV,C10H20N2O3,0.39987286549999995,0.16797083866666665,216.14739252
Cl-Val-Val,VV,C10H19N2O3Cl,0.39987286549999995,0.1595722967333333,250.108420198
